<?xml version='1.0' encoding='UTF-8'?>
<!-- the line above is the "XML declaration"; it is not -->
<!-- required, but we recommend using it -->
<?xml-model href="../schemas/exercise.rnc" type="application/relax-ng-compact-syntax"?>
<?xml-model href="../schemas/exercise.isosch" type="application/xml" schematypens="http://purl.oclc.org/dsdl/schematron"?>
<!-- the two lines above are processing instructions for finding the schema; -->
<!-- they are intended for oXygen, but other software might use them, also -->
<?xml-stylesheet title="TEI Boilerplate" type="text/xsl" href="teibp.xsl"?>
<!-- the line above is a processing instruction that asks that -->
<!-- this file be transformed by "teibp.xsl" -->
<?xml-stylesheet title="your own CSS"    type="text/css" href="../css/tiny_TEI_template.css" alternate="yes"?>
<!-- the line above is a processing instruction that asks that -->
<!-- this file be styled by "tiny_TEI_template.css" -->
<TEI xmlns="http://www.tei-c.org/ns/1.0" >
  <teiHeader>
    <fileDesc>
      <titleStmt>
        <title><!-- put title here --></title>
        <author>
          <persName><!-- author's name here --></persName>
        </author>
      </titleStmt>
      <publicationStmt>
        <publisher><!-- publisher here --></publisher>
        <availability>
          <ab><!-- copyright or copyleft information here --></ab>
        </availability>
      </publicationStmt>
      <sourceDesc>
        <bibl>
          <!-- source information here; better yet, use a <biblStruct> instead -->
        </bibl>
      </sourceDesc>
    </fileDesc>
  </teiHeader>
  <text>
    <front>
      <!-- front matter, if any, goes in <div>s, here -->
    </front>
    <body>
      <!-- main document goes here, possibly divided into <div>s -->
      <ab>This <soCalled style="font-weight:bold;">block</soCalled> of
      text is just here so that this template document is valid. You
      should delete this at your earliest convenience. :-)</ab>
    </body>
    <back>
      <!-- here is a sample place for contextual information: -->
      <div type="editorial">
        <listPerson>
          <person>
            <persName><!-- canonical name --></persName>
            <birth>
              <placeName><!-- where born; date on when= of <birth> --></placeName>
            </birth>
            <death>
              <placeName><!-- where died; date on when= of <death> --></placeName>
            </death>
          </person>
        </listPerson>
      </div>
    </back>
  </text>
</TEI>
